<?xml version="1.0" encoding="UTF-8"?>
<products>
    <product>
        <id>1</id>
        <name>Wireless Headphones</name>
        <category_id>1</category_id>
        <brand_id>5</brand_id>
        <price>60</price>
        <description>High-quality wireless headphones with noise cancellation and long battery life.</description>
        <image_url>https://store.storeimages.cdn-apple.com/4982/as-images.apple.com/is/MQTQ3?wid=1144&amp;hei=1144&amp;fmt=jpeg&amp;qlt=90&amp;.v=1687660671363</image_url>
        <stock>363</stock>
        <rating>69</rating>
        <featured>1</featured>
        <views>26</views>
        <created_at>2024-10-10 03:45:46</created_at>
        <updated_at>2024-10-10 03:45:46</updated_at>
    </product>
    <product>
        <id>2</id>
        <name>4K Ultra HD Smart TV</name>
        <category_id>6</category_id>
        <brand_id>1</brand_id>
        <price>800</price>
        <description>55-inch 4K UHD smart TV with vibrant colors and built-in streaming apps.</description>
        <image_url>https://as2.ftcdn.net/v2/jpg/01/51/00/87/1000_F_151008771_Kvl6PeN8PeXL7cfeqtKJloSX7UDgHDxS.jpg</image_url>
        <stock>266</stock>
        <rating>4</rating>
        <featured>0</featured>
        <views>25</views>
        <created_at>2024-10-10 03:45:46</created_at>
        <updated_at>2024-10-10 03:45:46</updated_at>
    </product>
    <product>
        <id>3</id>
        <name>Gaming Laptop</name>
        <category_id>5</category_id>
        <brand_id>10</brand_id>
        <price>1300</price>
        <description>High-performance gaming laptop with NVIDIA RTX graphics and 16GB RAM.</description>
        <image_url>https://i.pcmag.com/imagery/roundups/01hiB08j7yaJGJmPl2YhRRH-59..v1713199550.jpg</image_url>
        <stock>86</stock>
        <rating>24</rating>
        <featured>1</featured>
        <views>253</views>
        <created_at>2024-10-10 03:45:46</created_at>
        <updated_at>2024-10-10 03:45:46</updated_at>
    </product>
    <product>
        <id>4</id>
        <name>Smartphone</name>
        <category_id>1</category_id>
        <brand_id>4</brand_id>
        <price>1000</price>
        <description>Latest model smartphone with 128GB storage and a stunning OLED display.</description>
        <image_url>https://encrypted-tbn0.gstatic.com/images?q=tbn:ANd9GcRQXJsFtjFfWFldbhVVE753SrvFQ6DX1Dw6Hw&amp;s</image_url>
        <stock>81</stock>
        <rating>59</rating>
        <featured>0</featured>
        <views>137</views>
        <created_at>2024-10-10 03:45:46</created_at>
        <updated_at>2024-10-10 03:45:46</updated_at>
    </product>
    <product>
        <id>5</id>
        <name>Smartwatch</name>
        <category_id>2</category_id>
        <brand_id>2</brand_id>
        <price>200</price>
        <description>Stylish smartwatch with health monitoring and fitness tracking features.</description>
        <image_url>https://cdn.mos.cms.futurecdn.net/FkGweMeB7hdPgaSFQdgsfj.jpg</image_url>
        <stock>232</stock>
        <rating>59</rating>
        <featured>1</featured>
        <views></views>
        <created_at>2024-10-10 03:45:46</created_at>
        <updated_at>2024-10-10 03:45:46</updated_at>
    </product>
    <product>
        <id>6</id>
        <name>Bluetooth Speaker</name>
        <category_id>2</category_id>
        <brand_id>7</brand_id>
        <price>50</price>
        <description>Portable Bluetooth speaker with deep bass and a 10-hour battery life.</description>
        <image_url>https://media.istockphoto.com/id/1059154330/photo/boombox.jpg?s=612x612&amp;w=0&amp;k=20&amp;c=AYwVrPpREeFXXP0j8rC8R3eF_9WUVghBXPndGqZYSJw=</image_url>
        <stock>424</stock>
        <rating>24</rating>
        <featured>0</featured>
        <views>13</views>
        <created_at>2024-10-10 03:45:46</created_at>
        <updated_at>2024-10-10 03:45:46</updated_at>
    </product>
    <product>
        <id>7</id>
        <name>Smart Drone with Camera</name>
        <category_id>6</category_id>
        <brand_id>9</brand_id>
        <price>400</price>
        <description>High-definition drone with a 4K camera, GPS, and real-time video transmission.</description>
        <image_url>https://m.media-amazon.com/images/I/61vufzhhQ6L._AC_UF894,1000_QL80_.jpg</image_url>
        <stock>45</stock>
        <rating>1</rating>
        <featured>1</featured>
        <views>127</views>
        <created_at>2024-10-10 03:45:46</created_at>
        <updated_at>2024-10-10 03:45:46</updated_at>
    </product>
    <product>
        <id>8</id>
        <name>Smart Electric Scooter</name>
        <category_id>4</category_id>
        <brand_id>6</brand_id>
        <price>500</price>
        <description>Electric scooter with a top speed of 25km/h and a 30km range.</description>
        <image_url>https://encrypted-tbn0.gstatic.com/images?q=tbn:ANd9GcS7Hkh4B0cwm4A_P3ktaSdTFa0per30-DooQg&amp;s</image_url>
        <stock>460</stock>
        <rating>35</rating>
        <featured>1</featured>
        <views></views>
        <created_at>2024-10-10 03:45:46</created_at>
        <updated_at>2024-10-10 03:45:46</updated_at>
    </product>
    <product>
        <id>9</id>
        <name>Smart Digital Camera</name>
        <category_id>8</category_id>
        <brand_id>8</brand_id>
        <price>600</price>
        <description>DSLR camera with 24MP resolution and 4K video recording capabilities.</description>
        <image_url>https://m.media-amazon.com/images/I/61FignAicXL.jpg</image_url>
        <stock>148</stock>
        <rating>67</rating>
        <featured>0</featured>
        <views>100</views>
        <created_at>2024-10-10 03:45:46</created_at>
        <updated_at>2024-10-10 03:45:46</updated_at>
    </product>
    <product>
        <id>10</id>
        <name>Smart Fitness Tracker</name>
        <category_id>10</category_id>
        <brand_id>8</brand_id>
        <price>90</price>
        <description>Fitness tracker with heart rate monitor, sleep tracking, and waterproof design.</description>
        <image_url>https://m.media-amazon.com/images/I/616xF-WkW5L.jpg</image_url>
        <stock>179</stock>
        <rating>83</rating>
        <featured>0</featured>
        <views></views>
        <created_at>2024-10-10 03:45:46</created_at>
        <updated_at>2024-10-10 03:45:46</updated_at>
    </product>
</products>